Prénom,Nom,Nom complet,Titre,Entreprise,Localisation,URL LinkedIn,URL Photo,Email,Téléphone,Secteur,Taille entreprise,Description,Mots-clés
"","","","","[object Object]","","","","","","","","",""
"","","","","[object Object]","","","","","","","","",""
"","","","","[object Object]","","","","","","","","",""
"","","","","[object Object]","","","","","","","","",""
"","","","","[object Object]","","","","","","","","",""
"","","","","[object Object]","","","","","","","","",""
"","","","","[object Object]","","","","","","","","",""
"","","","","[object Object]","","","","","","","","",""
"","","","","[object Object]","","","","","","","","",""
"","","","","[object Object]","","","","","","","","",""
"","","","","[object Object]","","","","","","","","",""
"","","","","[object Object]","","","","","","","","",""
"","","","","[object Object]","","","","","","","","",""
"","","","","[object Object]","","","","","","","","",""
"","","","","[object Object]","","","","","","","","",""
"","","","","[object Object]","","","","","","","","",""
"","","","","[object Object]","","","","","","","","",""
"","","","","[object Object]","","","","","","","","",""
"","","","","[object Object]","","","","","","","","",""
"","","","","[object Object]","","","","","","","","",""
"","","","","[object Object]","","","","","","","","",""
"","","","","[object Object]","","","","","","","","",""
"","","","","[object Object]","","","","","","","","",""
"","","","","[object Object]","","","","","","","","",""
"","","","","[object Object]","","","","","","","","",""
"","","","","[object Object]","","","","","","","","",""
"","","","","[object Object]","","","","","","","","",""
"","","","","[object Object]","","","","","","","","",""
"","","","","[object Object]","","","","","","","","",""
"","","","","[object Object]","","","","","","","","",""
"","","","","[object Object]","","","","","","","","",""
"","","","","[object Object]","","","","","","","","",""
"","","","","[object Object]","","","","","","","","",""
"","","","","[object Object]","","","","","","","","",""
"","","","","[object Object]","","","","","","","","",""
"","","","","[object Object]","","","","","","","","",""
"","","","","[object Object]","","","","","","","","",""
"","","","","[object Object]","","","","","","","","",""
"","","","","[object Object]","","","","","","","","",""
"","","","","[object Object]","","","","","","","","",""
"","","","","[object Object]","","","","","","","","",""
"","","","","[object Object]","","","","","","","","",""
"","","","","[object Object]","","","","","","","","",""
"","","","","[object Object]","","","","","","","","",""
"","","","","[object Object]","","","","","","","","",""
"","","","","[object Object]","","","","","","","","",""
"","","","","[object Object]","","","","","","","","",""
"","","","","[object Object]","","","","","","","","",""
"","","","","[object Object]","","","","","","","","",""
"","","","","[object Object]","","","","","","","","",""